{
    "TopDifferentClusters": [
        "Cluster-10",
        "Cluster-8",
        "Cluster-1",
        "Cluster-9"
    ],
    "DistributionsInTopClusters": [
        {
            "http://project-iasis.eu/vocab/gender": {
                "http://project-iasis.eu/Gender/C0043210": 45,
                "http://project-iasis.eu/Gender/C0025266": 102
            },
            "http://project-iasis.eu/vocab/hasDiagnosisAge": {
                "Age 66-75": 119,
                "Age 56-65": 19,
                "Age >75": 9
            },
            "http://project-iasis.eu/vocab/smoker": {
                "former": 91,
                "no": 49,
                "current": 6,
                "None": 1
            },
            "http://project-iasis.eu/vocab/bioEgfr": {
                "False": 123,
                "True": 24
            }
        },
        {
            "http://project-iasis.eu/vocab/bioEgfr": {
                "False": 82,
                "True": 3
            },
            "http://project-iasis.eu/vocab/hasDiagnosisAge": {
                "Age 66-75": 60,
                "Age >75": 18,
                "Age 56-65": 7
            },
            "http://project-iasis.eu/vocab/gender": {
                "http://project-iasis.eu/Gender/C0025266": 66,
                "http://project-iasis.eu/Gender/C0043210": 19
            },
            "http://project-iasis.eu/vocab/smoker": {
                "current": 22,
                "former": 53,
                "no": 10
            }
        },
        {
            "http://project-iasis.eu/vocab/gender": {
                "http://project-iasis.eu/Gender/C0025266": 1
            },
            "http://project-iasis.eu/vocab/smoker": {
                "former": 1
            },
            "http://project-iasis.eu/vocab/bioEgfr": {
                "False": 1
            },
            "http://project-iasis.eu/vocab/hasDiagnosisAge": {
                "Age 66-75": 1
            }
        },
        {
            "http://project-iasis.eu/vocab/hasDiagnosisAge": {
                "Age 56-65": 25,
                "Age 66-75": 150,
                "Age >75": 25
            },
            "http://project-iasis.eu/vocab/gender": {
                "http://project-iasis.eu/Gender/C0025266": 141,
                "http://project-iasis.eu/Gender/C0043210": 59
            },
            "http://project-iasis.eu/vocab/smoker": {
                "former": 119,
                "no": 59,
                "current": 22
            },
            "http://project-iasis.eu/vocab/bioEgfr": {
                "False": 168,
                "True": 32
            }
        },
        {
            "http://project-iasis.eu/vocab/hasDiagnosisAge": {
                "Age 66-75": 1
            },
            "http://project-iasis.eu/vocab/smoker": {
                "current": 1
            },
            "http://project-iasis.eu/vocab/gender": {
                "http://project-iasis.eu/Gender/C0043210": 1
            },
            "http://project-iasis.eu/vocab/bioEgfr": {
                "False": 1
            }
        },
        {
            "http://project-iasis.eu/vocab/smoker": {
                "no": 1
            },
            "http://project-iasis.eu/vocab/gender": {
                "http://project-iasis.eu/Gender/C0043210": 1
            },
            "http://project-iasis.eu/vocab/bioEgfr": {
                "False": 1
            },
            "http://project-iasis.eu/vocab/hasDiagnosisAge": {
                "Age 66-75": 1
            }
        },
        {
            "http://project-iasis.eu/vocab/smoker": {
                "None": 1
            },
            "http://project-iasis.eu/vocab/hasDiagnosisAge": {
                "Age 66-75": 1
            },
            "http://project-iasis.eu/vocab/gender": {
                "http://project-iasis.eu/Gender/C0025266": 1
            },
            "http://project-iasis.eu/vocab/bioEgfr": {
                "False": 1
            }
        },
        {
            "http://project-iasis.eu/vocab/smoker": {
                "no": 10,
                "former": 13,
                "current": 1
            },
            "http://project-iasis.eu/vocab/gender": {
                "http://project-iasis.eu/Gender/C0025266": 16,
                "http://project-iasis.eu/Gender/C0043210": 8
            },
            "http://project-iasis.eu/vocab/hasDiagnosisAge": {
                "Age 66-75": 23,
                "Age 56-65": 1
            },
            "http://project-iasis.eu/vocab/bioEgfr": {
                "False": 20,
                "True": 4
            }
        },
        {
            "http://project-iasis.eu/vocab/bioEgfr": {
                "False": 89,
                "True": 6
            },
            "http://project-iasis.eu/vocab/hasDiagnosisAge": {
                "Age 66-75": 70,
                "Age >75": 23,
                "Age 56-65": 2
            },
            "http://project-iasis.eu/vocab/smoker": {
                "former": 55,
                "current": 18,
                "no": 20,
                "None": 2
            },
            "http://project-iasis.eu/vocab/gender": {
                "http://project-iasis.eu/Gender/C0025266": 63,
                "http://project-iasis.eu/Gender/C0043210": 32
            }
        },
        {
            "http://project-iasis.eu/vocab/bioEgfr": {
                "False": 153,
                "True": 28
            },
            "http://project-iasis.eu/vocab/smoker": {
                "former": 118,
                "no": 35,
                "current": 28
            },
            "http://project-iasis.eu/vocab/gender": {
                "http://project-iasis.eu/Gender/C0025266": 126,
                "http://project-iasis.eu/Gender/C0043210": 55
            },
            "http://project-iasis.eu/vocab/hasDiagnosisAge": {
                "Age 66-75": 142,
                "Age >75": 28,
                "Age 56-65": 11
            }
        },
        {
            "http://project-iasis.eu/vocab/bioEgfr": {
                "False": 1
            },
            "http://project-iasis.eu/vocab/hasDiagnosisAge": {
                "Age 66-75": 1
            },
            "http://project-iasis.eu/vocab/smoker": {
                "former": 1
            },
            "http://project-iasis.eu/vocab/gender": {
                "http://project-iasis.eu/Gender/C0025266": 1
            }
        },
        {
            "http://project-iasis.eu/vocab/hasDiagnosisAge": {
                "Age 66-75": 1
            },
            "http://project-iasis.eu/vocab/bioEgfr": {
                "False": 1
            },
            "http://project-iasis.eu/vocab/gender": {
                "http://project-iasis.eu/Gender/C0043210": 1
            },
            "http://project-iasis.eu/vocab/smoker": {
                "no": 1
            }
        },
        {
            "http://project-iasis.eu/vocab/bioEgfr": {
                "False": 1
            },
            "http://project-iasis.eu/vocab/smoker": {
                "no": 1
            },
            "http://project-iasis.eu/vocab/hasDiagnosisAge": {
                "Age >75": 1
            },
            "http://project-iasis.eu/vocab/gender": {
                "http://project-iasis.eu/Gender/C0025266": 1
            }
        }
    ],
    "Population": {
        "http://project-iasis.eu/vocab/gender": {
            "http://project-iasis.eu/Gender/C0043210": 221,
            "http://project-iasis.eu/Gender/C0025266": 518
        },
        "http://project-iasis.eu/vocab/hasDiagnosisAge": {
            "Age 66-75": 570,
            "Age 56-65": 65,
            "Age >75": 104
        },
        "http://project-iasis.eu/vocab/smoker": {
            "former": 451,
            "no": 186,
            "current": 98,
            "None": 4
        },
        "http://project-iasis.eu/vocab/bioEgfr": {
            "False": 642,
            "True": 97
        }
    }
}