{
    "TopDifferentClusters": [
        "Cluster-4",
        "Cluster-8",
        "Cluster-7",
        "Cluster-2"
    ],
    "DistributionsInTopClusters": {
        "Cluster-4": {
            "http://project-iasis.eu/vocab/hasDiagnosisTumorStage": {
                "http://project-iasis.eu/LCPatient/TumorStage/C0242379": 0.5384615384615384,
                "http://project-iasis.eu/LCPatient/TumorStage/C0001418": 0.23076923076923078,
                "http://project-iasis.eu/LCPatient/TumorStage/C0027651": 0.15384615384615385,
                "http://project-iasis.eu/LCPatient/TumorStage/C0152013": 0.07692307692307693
            },
            "http://project-iasis.eu/vocab/tki": {
                "False": 1.0
            },
            "http://project-iasis.eu/vocab/familiarAntecedents": {
                "False": 0.8461538461538461,
                "True": 0.15384615384615385
            },
            "http://project-iasis.eu/vocab/brainMetastasis": {
                "False": 0.9230769230769231,
                "True": 0.07692307692307693
            },
            "http://project-iasis.eu/vocab/gender": {
                "http://project-iasis.eu/Gender/C0025266": 0.8461538461538461,
                "http://project-iasis.eu/Gender/C0043210": 0.15384615384615385
            },
            "http://project-iasis.eu/vocab/hasDiagnosisAge": {
                "Age 56-65": 0.23076923076923078,
                "Age 66-75": 0.7692307692307693
            }
        },
        "Cluster-8": {
            "http://project-iasis.eu/vocab/familiarAntecedents": {
                "True": 0.6785714285714286,
                "False": 0.32142857142857145
            },
            "http://project-iasis.eu/vocab/hasDiagnosisAge": {
                "Age 56-65": 0.17857142857142858,
                "Age 66-75": 0.8214285714285714
            },
            "http://project-iasis.eu/vocab/tki": {
                "False": 0.6785714285714286,
                "True": 0.32142857142857145
            },
            "http://project-iasis.eu/vocab/brainMetastasis": {
                "False": 0.6428571428571429,
                "True": 0.35714285714285715
            },
            "http://project-iasis.eu/vocab/hasDiagnosisTumorStage": {
                "http://project-iasis.eu/LCPatient/TumorStage/C0152013": 0.39285714285714285,
                "http://project-iasis.eu/LCPatient/TumorStage/C0001418": 0.2857142857142857,
                "http://project-iasis.eu/LCPatient/TumorStage/C0024121": 0.10714285714285714,
                "http://project-iasis.eu/LCPatient/TumorStage/C0242379": 0.14285714285714285,
                "http://project-iasis.eu/LCPatient/TumorStage/C0027651": 0.07142857142857142
            },
            "http://project-iasis.eu/vocab/gender": {
                "http://project-iasis.eu/Gender/C0025266": 0.5357142857142857,
                "http://project-iasis.eu/Gender/C0043210": 0.4642857142857143
            }
        },
        "Cluster-7": {
            "http://project-iasis.eu/vocab/hasDiagnosisTumorStage": {
                "http://project-iasis.eu/LCPatient/TumorStage/C0027651": 0.07692307692307693,
                "http://project-iasis.eu/LCPatient/TumorStage/C0242379": 0.4230769230769231,
                "http://project-iasis.eu/LCPatient/TumorStage/C0152013": 0.15384615384615385,
                "http://project-iasis.eu/LCPatient/TumorStage/C0001418": 0.23076923076923078,
                "http://project-iasis.eu/LCPatient/TumorStage/C0024121": 0.11538461538461539
            },
            "http://project-iasis.eu/vocab/hasDiagnosisAge": {
                "Age 66-75": 0.9230769230769231,
                "Age 56-65": 0.07692307692307693
            },
            "http://project-iasis.eu/vocab/familiarAntecedents": {
                "True": 0.2692307692307692,
                "False": 0.7307692307692307
            },
            "http://project-iasis.eu/vocab/brainMetastasis": {
                "False": 0.9230769230769231,
                "True": 0.07692307692307693
            },
            "http://project-iasis.eu/vocab/tki": {
                "False": 1.0
            },
            "http://project-iasis.eu/vocab/gender": {
                "http://project-iasis.eu/Gender/C0043210": 0.3076923076923077,
                "http://project-iasis.eu/Gender/C0025266": 0.6923076923076923
            }
        },
        "Cluster-2": {
            "http://project-iasis.eu/vocab/hasDiagnosisAge": {
                "Age 66-75": 0.8928571428571429,
                "Age 56-65": 0.10714285714285714
            },
            "http://project-iasis.eu/vocab/hasDiagnosisTumorStage": {
                "http://project-iasis.eu/LCPatient/TumorStage/C0242379": 0.21428571428571427,
                "http://project-iasis.eu/LCPatient/TumorStage/C0152013": 0.25,
                "http://project-iasis.eu/LCPatient/TumorStage/C0024121": 0.10714285714285714,
                "http://project-iasis.eu/LCPatient/TumorStage/C0027651": 0.17857142857142858,
                "http://project-iasis.eu/LCPatient/TumorStage/C0001418": 0.25
            },
            "http://project-iasis.eu/vocab/tki": {
                "False": 0.9642857142857143,
                "True": 0.03571428571428571
            },
            "http://project-iasis.eu/vocab/brainMetastasis": {
                "False": 0.8928571428571429,
                "True": 0.10714285714285714
            },
            "http://project-iasis.eu/vocab/gender": {
                "http://project-iasis.eu/Gender/C0025266": 0.7142857142857143,
                "http://project-iasis.eu/Gender/C0043210": 0.2857142857142857
            },
            "http://project-iasis.eu/vocab/familiarAntecedents": {
                "True": 0.4642857142857143,
                "False": 0.5357142857142857
            }
        }
    },
    "Population": {
        "http://project-iasis.eu/vocab/hasDiagnosisAge": {
            "Age 66-75": 0.8677966101694915,
            "Age 56-65": 0.13220338983050847
        },
        "http://project-iasis.eu/vocab/tki": {
            "False": 0.7966101694915254,
            "True": 0.2033898305084746
        },
        "http://project-iasis.eu/vocab/familiarAntecedents": {
            "False": 0.4576271186440678,
            "True": 0.5423728813559322
        },
        "http://project-iasis.eu/vocab/brainMetastasis": {
            "False": 0.8067796610169492,
            "True": 0.19322033898305085
        },
        "http://project-iasis.eu/vocab/gender": {
            "http://project-iasis.eu/Gender/C0025266": 0.6440677966101694,
            "http://project-iasis.eu/Gender/C0043210": 0.3559322033898305
        },
        "http://project-iasis.eu/vocab/hasDiagnosisTumorStage": {
            "http://project-iasis.eu/LCPatient/TumorStage/C0001418": 0.22033898305084745,
            "http://project-iasis.eu/LCPatient/TumorStage/C0152013": 0.3254237288135593,
            "http://project-iasis.eu/LCPatient/TumorStage/C0242379": 0.24745762711864408,
            "http://project-iasis.eu/LCPatient/TumorStage/C4304521": 0.013559322033898305,
            "http://project-iasis.eu/LCPatient/TumorStage/C0024121": 0.0576271186440678,
            "http://project-iasis.eu/LCPatient/TumorStage/C0027651": 0.13559322033898305
        }
    }
}